{
  "0.001": {
    "delta_norm": 0.6492747817918746,
    "reg_bias_norm": 3.105107127758937e-05,
    "noise_norm": 0.6492707326711233
  },
  "0.01": {
    "delta_norm": 0.639038269573126,
    "reg_bias_norm": 0.0003246089636340081,
    "noise_norm": 0.6390025488994426
  },
  "0.1": {
    "delta_norm": 0.5637662484471082,
    "reg_bias_norm": 0.0031335746758284614,
    "noise_norm": 0.5633741509702113
  },
  "1.0": {
    "delta_norm": 0.5667137304292028,
    "reg_bias_norm": 0.03052526730141316,
    "noise_norm": 0.5646696578865609
  },
  "10.0": {
    "delta_norm": 0.49109953297159575,
    "reg_bias_norm": 0.22847797777449372,
    "noise_norm": 0.43594629052691164
  }
}