{
  "best_model": {
    "name": "M3_affine",
    "params": {
      "\u03b1": 0.9264712612791512,
      "\u03b2": 0.2401604527765804
    },
    "sse": 1.0263745036603877,
    "aic": -168.12604261171032,
    "bic": -160.31053205374604,
    "r2": 0.9725272595409261,
    "n": 100
  },
  "all_models": [
    {
      "name": "M3_affine",
      "params": {
        "\u03b1": 0.9264712612791512,
        "\u03b2": 0.2401604527765804
      },
      "sse": 1.0263745036603877,
      "aic": -168.12604261171032,
      "bic": -160.31053205374604,
      "r2": 0.9725272595409261,
      "n": 100
    },
    {
      "name": "M2_power",
      "params": {
        "C": 1.1520832782667865,
        "\u03b3": 0.8698659835671481
      },
      "sse": 1.0771418912483606,
      "aic": -163.2981983333625,
      "bic": -155.48268777539823,
      "r2": 0.9711683800500428,
      "n": 100
    },
    {
      "name": "M4_saturate",
      "params": {
        "\u03b4_\u221e": 8.958897054666458,
        "\u03c4": 7.422548326544225
      },
      "sse": 1.1481002582883175,
      "aic": -156.9184492490915,
      "bic": -149.10293869112724,
      "r2": 0.9692690530557184,
      "n": 100
    },
    {
      "name": "M1_linear",
      "params": {
        "\u03b1": 1.0406474363788645
      },
      "sse": 1.6444148841696011,
      "aic": -122.99084921492732,
      "bic": -117.78050884295114,
      "r2": 0.9559843086916958,
      "n": 100
    }
  ],
  "n_pairs": 100
}