{
  "means": {
    "E1": 0.0020141491972555667,
    "E2": 0.0011478275610749844,
    "E3": 0.0020135055376806718
  },
  "stds": {
    "E1": 0.001296312386713792,
    "E2": 0.00021908796975803817,
    "E3": 0.001296407144430723
  },
  "E2_minus_E1": -0.0008663216361805824,
  "E3_minus_E2": 0.0008656779766056874
}