{
  "means": {
    "E1": 0.0020141491972555004,
    "E2": 0.0011478275610734509,
    "E3": 0.0020135055376791903
  },
  "stds": {
    "E1": 0.0012963123867135856,
    "E2": 0.0002190879697565585,
    "E3": 0.0012964071444304729
  },
  "E2_minus_E1": -0.0008663216361820495,
  "E3_minus_E2": 0.0008656779766057394
}