{
  "0.001": {
    "delta_norm": 0.649274781791874,
    "reg_bias_norm": 3.105107127758937e-05,
    "noise_norm": 0.6492707326711231
  },
  "0.01": {
    "delta_norm": 0.639038269573126,
    "reg_bias_norm": 0.0003246089636340082,
    "noise_norm": 0.6390025488994429
  },
  "0.1": {
    "delta_norm": 0.563766248447109,
    "reg_bias_norm": 0.0031335746758284614,
    "noise_norm": 0.5633741509702113
  },
  "1.0": {
    "delta_norm": 0.5667137304292028,
    "reg_bias_norm": 0.030525267301413177,
    "noise_norm": 0.564669657886561
  },
  "10.0": {
    "delta_norm": 0.49109953297159564,
    "reg_bias_norm": 0.22847797777449377,
    "noise_norm": 0.43594629052691153
  }
}